{
  "nome": {
    "precision": 0.7619047619047619,
    "recall": 1.0,
    "f1-score": 0.8648648648648648,
    "support": 16,
    "confused_with": {}
  },
  "cognome": {
    "precision": 1.0,
    "recall": 0.3125,
    "f1-score": 0.47619047619047616,
    "support": 16,
    "confused_with": {
      "nome": 3
    }
  },
  "micro avg": {
    "precision": 0.8076923076923077,
    "recall": 0.65625,
    "f1-score": 0.7241379310344829,
    "support": 32
  },
  "macro avg": {
    "precision": 0.8809523809523809,
    "recall": 0.65625,
    "f1-score": 0.6705276705276705,
    "support": 32
  },
  "weighted avg": {
    "precision": 0.8809523809523809,
    "recall": 0.65625,
    "f1-score": 0.6705276705276705,
    "support": 32
  },
  "accuracy": 0.8907563025210085
}